City_ID,City,Country,Date,Date,Lat,Lng,Max Temp,Humidity,Cloudiness,Wind Speed
0,Keetmanshoop,NA,2021-03-15 08:11:26,2021-03-15 08:11:26,-26.5833,18.1333,66.2,48,0,2.3
1,Flinders,AU,2021-03-15 08:11:26,2021-03-15 08:11:26,-34.5833,150.8552,64.0,64,0,6.08
2,Georgetown,MY,2021-03-15 08:06:49,2021-03-15 08:06:49,5.4112,100.3354,91.4,58,20,9.22
3,Hermanus,ZA,2021-03-15 08:07:35,2021-03-15 08:07:35,-34.4187,19.2345,64.0,95,100,1.99
4,Ust-Maya,RU,2021-03-15 08:11:26,2021-03-15 08:11:26,60.4167,134.5333,15.87,86,100,13.35
5,Arman,RU,2021-03-15 08:11:26,2021-03-15 08:11:26,59.7,150.1667,12.74,88,99,4.09
6,Jamestown,US,2021-03-15 08:07:02,2021-03-15 08:07:02,42.097,-79.2353,19.99,57,1,10.67
7,Busselton,AU,2021-03-15 08:07:07,2021-03-15 08:07:07,-33.65,115.3333,82.0,31,100,4.0
8,Vaini,TO,2021-03-15 08:11:26,2021-03-15 08:11:26,-21.2,-175.2,75.2,94,75,2.3
9,Rikitea,PF,2021-03-15 08:11:26,2021-03-15 08:11:26,-23.1203,-134.9692,80.31,76,47,6.67
10,Saskylakh,RU,2021-03-15 08:11:27,2021-03-15 08:11:27,71.9167,114.0833,-17.97,92,98,6.24
11,Plettenberg Bay,ZA,2021-03-15 08:11:27,2021-03-15 08:11:27,-34.0527,23.3716,72.73,77,7,16.87
12,Dunedin,NZ,2021-03-15 08:07:01,2021-03-15 08:07:01,-45.8742,170.5036,57.0,84,100,1.01
13,Sitka,US,2021-03-15 08:11:27,2021-03-15 08:11:27,57.0531,-135.33,32.0,59,90,18.41
14,Bluff,NZ,2021-03-15 08:11:28,2021-03-15 08:11:28,-46.6,168.3333,55.0,72,5,3.0
15,Guerrero Negro,MX,2021-03-15 08:11:28,2021-03-15 08:11:28,27.9769,-114.0611,54.5,82,0,13.76
16,Pozo Colorado,PY,2021-03-15 08:11:28,2021-03-15 08:11:28,-23.4923,-58.7972,73.62,73,98,2.91
17,Esperance,AU,2021-03-15 08:09:55,2021-03-15 08:09:55,-33.8667,121.9,77.0,31,0,11.5
18,Vardo,NO,2021-03-15 08:11:28,2021-03-15 08:11:28,70.3705,31.1107,32.0,80,40,21.85
19,Puerto Ayora,EC,2021-03-15 08:11:28,2021-03-15 08:11:28,-0.7393,-90.3518,73.0,97,27,5.91
20,Victor Harbor,AU,2021-03-15 08:07:55,2021-03-15 08:07:55,-35.5667,138.6167,66.99,75,100,8.52
21,Hobart,AU,2021-03-15 08:07:31,2021-03-15 08:07:31,-42.8794,147.3294,66.0,51,75,14.97
22,Arraial Do Cabo,BR,2021-03-15 08:06:54,2021-03-15 08:06:54,-22.9661,-42.0278,75.54,87,99,9.24
23,Port Alfred,ZA,2021-03-15 08:11:29,2021-03-15 08:11:29,-33.5906,26.891,70.0,95,100,3.42
24,Sur,OM,2021-03-15 08:11:29,2021-03-15 08:11:29,22.5667,59.5289,83.17,51,0,7.63
25,Mataura,NZ,2021-03-15 08:11:29,2021-03-15 08:11:29,-46.1927,168.8643,55.0,72,64,3.0
26,Fortuna,US,2021-03-15 08:11:30,2021-03-15 08:11:30,40.5982,-124.1573,39.99,96,100,1.01
27,Alamos,MX,2021-03-15 08:11:30,2021-03-15 08:11:30,27.0167,-108.9333,55.99,58,0,4.38
28,Galesburg,US,2021-03-15 08:11:30,2021-03-15 08:11:30,40.9478,-90.3712,41.0,60,90,19.57
29,Japura,ID,2021-03-15 08:11:30,2021-03-15 08:11:30,-0.3167,102.35,87.6,69,75,4.03
30,Kathmandu,NP,2021-03-15 08:11:12,2021-03-15 08:11:12,27.7167,85.3167,73.4,46,40,6.91
31,Laguna,US,2021-03-15 08:11:31,2021-03-15 08:11:31,38.421,-121.4238,46.0,87,90,12.66
32,Noyabrsk,RU,2021-03-15 08:11:31,2021-03-15 08:11:31,63.1994,75.4507,20.75,90,100,16.73
33,Najran,SA,2021-03-15 08:07:51,2021-03-15 08:07:51,17.4924,44.1277,73.4,28,22,4.61
34,Kaitangata,NZ,2021-03-15 08:11:31,2021-03-15 08:11:31,-46.2817,169.8464,57.0,47,17,4.0
35,Punta Arenas,CL,2021-03-15 08:07:31,2021-03-15 08:07:31,-53.15,-70.9167,48.0,100,75,11.5
36,Bongor,TD,2021-03-15 08:11:32,2021-03-15 08:11:32,10.2806,15.3722,93.94,24,92,12.17
37,Hlotse,LS,2021-03-15 08:07:30,2021-03-15 08:07:30,-28.8718,28.045,71.28,33,0,5.59
38,San Rafael,AR,2021-03-15 08:07:44,2021-03-15 08:07:44,-34.6177,-68.3301,72.12,58,100,8.03
39,Chokurdakh,RU,2021-03-15 08:11:33,2021-03-15 08:11:33,70.6333,147.9167,-17.3,90,0,6.67
40,Charters Towers,AU,2021-03-15 08:11:33,2021-03-15 08:11:33,-20.1,146.2667,84.45,54,39,12.8
41,Ushuaia,AR,2021-03-15 08:11:33,2021-03-15 08:11:33,-54.8,-68.3,50.0,76,75,4.61
42,Nikolskoye,RU,2021-03-15 08:11:33,2021-03-15 08:11:33,59.7035,30.7861,34.0,93,90,4.47
43,Jalu,LY,2021-03-15 08:11:33,2021-03-15 08:11:33,29.0331,21.5482,66.43,40,0,14.09
44,Beringovskiy,RU,2021-03-15 08:11:33,2021-03-15 08:11:33,63.05,179.3167,3.18,92,100,12.28
45,Roma,US,2021-03-15 08:11:34,2021-03-15 08:11:34,43.2128,-75.4557,21.2,35,1,14.97
46,Aklavik,CA,2021-03-15 08:11:34,2021-03-15 08:11:34,68.2191,-135.0107,-13.0,70,90,3.44
47,Sorland,NO,2021-03-15 08:11:34,2021-03-15 08:11:34,67.667,12.6934,37.4,70,40,13.42
48,Esquias,HN,2021-03-15 08:11:34,2021-03-15 08:11:34,14.7333,-87.3667,63.7,87,1,3.69
49,Saint Anthony,US,2021-03-15 08:11:34,2021-03-15 08:11:34,45.0205,-93.218,35.01,40,1,11.5
50,Hasaki,JP,2021-03-15 08:11:34,2021-03-15 08:11:34,35.7333,140.8333,64.99,31,20,10.36
51,Birjand,IR,2021-03-15 08:11:34,2021-03-15 08:11:34,32.8663,59.2211,60.8,18,0,2.17
52,Phichit,TH,2021-03-15 08:11:35,2021-03-15 08:11:35,16.25,100.4167,100.0,39,80,5.68
53,Cape Town,ZA,2021-03-15 08:10:44,2021-03-15 08:10:44,-33.9258,18.4232,68.0,94,90,14.97
54,Puerto Escondido,MX,2021-03-15 08:11:35,2021-03-15 08:11:35,15.85,-97.0667,75.2,81,0,5.14
55,Luba,GQ,2021-03-15 08:11:35,2021-03-15 08:11:35,3.4568,8.5547,81.41,74,100,3.36
56,Kapaa,US,2021-03-15 08:11:35,2021-03-15 08:11:35,22.0752,-159.319,68.0,94,20,4.61
57,Upernavik,GL,2021-03-15 08:11:35,2021-03-15 08:11:35,72.7868,-56.1549,-9.15,99,98,7.63
58,Winnemucca,US,2021-03-15 08:11:35,2021-03-15 08:11:35,40.973,-117.7357,35.6,48,75,4.61
59,Saint-Philippe,RE,2021-03-15 08:11:36,2021-03-15 08:11:36,-21.3585,55.7679,82.4,74,0,25.32
60,Cidreira,BR,2021-03-15 08:11:36,2021-03-15 08:11:36,-30.1811,-50.2056,71.64,86,19,4.72
61,Cabo San Lucas,MX,2021-03-15 08:07:14,2021-03-15 08:07:14,22.8909,-109.9124,57.99,50,2,1.99
62,Zeya,RU,2021-03-15 08:06:59,2021-03-15 08:06:59,53.75,127.2667,23.2,84,100,20.27
63,Hilo,US,2021-03-15 08:11:36,2021-03-15 08:11:36,19.7297,-155.09,71.6,83,90,4.52
64,Barrow,US,2021-03-15 08:11:36,2021-03-15 08:11:36,71.2906,-156.7887,-4.0,77,90,16.11
65,Katsuura,JP,2021-03-15 08:11:36,2021-03-15 08:11:36,35.1333,140.3,66.2,39,0,14.97
66,Ulagan,RU,2021-03-15 08:11:36,2021-03-15 08:11:36,50.6321,87.9563,29.77,63,100,1.21
67,Sao Filipe,CV,2021-03-15 08:07:53,2021-03-15 08:07:53,14.8961,-24.4956,69.46,73,0,6.13
68,Ahipara,NZ,2021-03-15 08:11:37,2021-03-15 08:11:37,-35.1667,173.1667,65.34,88,75,3.11
69,Vila,PT,2021-03-15 08:11:37,2021-03-15 08:11:37,42.0304,-8.1588,43.0,91,22,3.51
70,Atuona,PF,2021-03-15 08:11:37,2021-03-15 08:11:37,-9.8,-139.0333,80.15,71,3,10.09
71,Wanning,CN,2021-03-15 08:11:37,2021-03-15 08:11:37,18.8003,110.3967,77.49,74,62,7.9
72,Buin,CL,2021-03-15 08:11:37,2021-03-15 08:11:37,-33.7333,-70.75,63.0,88,90,8.05
73,Yellowknife,CA,2021-03-15 08:07:52,2021-03-15 08:07:52,62.456,-114.3525,3.0,78,90,10.36
74,Okhotsk,RU,2021-03-15 08:11:37,2021-03-15 08:11:37,59.3833,143.3,15.03,95,100,8.19
75,Deputatskiy,RU,2021-03-15 08:11:38,2021-03-15 08:11:38,69.3,139.9,-4.58,84,100,2.64
76,Castro,BR,2021-03-15 08:07:18,2021-03-15 08:07:18,-24.7911,-50.0119,61.5,92,1,2.42
77,Thompson,CA,2021-03-15 08:11:38,2021-03-15 08:11:38,55.7435,-97.8558,26.6,50,40,8.05
78,Victoria,HK,2021-03-15 08:10:31,2021-03-15 08:10:31,22.2855,114.1577,75.99,68,10,1.99
79,Kumylzhenskaya,RU,2021-03-15 08:11:38,2021-03-15 08:11:38,49.8809,42.5898,34.0,81,100,13.0
80,Lompoc,US,2021-03-15 08:11:38,2021-03-15 08:11:38,34.6391,-120.4579,50.0,87,90,6.91
81,Paamiut,GL,2021-03-15 08:11:39,2021-03-15 08:11:39,61.994,-49.6678,29.19,67,100,17.25
82,Ilulissat,GL,2021-03-15 08:11:39,2021-03-15 08:11:39,69.2167,-51.1,10.4,61,56,9.22
83,Butaritari,KI,2021-03-15 08:11:39,2021-03-15 08:11:39,3.0707,172.7902,79.47,84,100,14.58
84,Lebu,CL,2021-03-15 08:11:39,2021-03-15 08:11:39,-37.6167,-73.65,53.67,94,23,3.13
85,Perelyub,RU,2021-03-15 08:11:39,2021-03-15 08:11:39,51.8667,50.3667,14.2,83,17,12.26
86,Albany,US,2021-03-15 08:11:39,2021-03-15 08:11:39,42.6001,-73.9662,18.0,35,33,3.0
87,Ancud,CL,2021-03-15 08:07:19,2021-03-15 08:07:19,-41.8697,-73.8203,53.01,93,90,3.44
88,Sao Gabriel Da Cachoeira,BR,2021-03-15 08:07:18,2021-03-15 08:07:18,-0.1303,-67.0892,72.73,92,92,1.63
89,Klaksvik,FO,2021-03-15 08:11:40,2021-03-15 08:11:40,62.2266,-6.589,33.8,93,100,3.83
90,Miranda,CO,2021-03-15 08:07:54,2021-03-15 08:07:54,3.2499,-76.2281,68.0,94,90,8.05
91,Praya,CV,2021-03-15 08:11:41,2021-03-15 08:11:41,14.9215,-23.5087,66.2,39,0,4.61
92,Lodja,CD,2021-03-15 08:11:41,2021-03-15 08:11:41,-3.4833,23.4333,77.7,90,89,3.09
93,Pevek,RU,2021-03-15 08:11:41,2021-03-15 08:11:41,69.7008,170.3133,-8.27,97,100,15.21
94,Chengde,CN,2021-03-15 08:07:15,2021-03-15 08:07:15,40.9725,117.9361,47.34,11,0,20.83
95,Lao Cai,VN,2021-03-15 08:11:12,2021-03-15 08:11:12,22.4833,103.95,86.81,55,22,4.92
96,Ladario,BR,2021-03-15 08:07:30,2021-03-15 08:07:30,-19.0047,-57.6017,72.81,93,92,0.43
97,Namatanai,PG,2021-03-15 08:11:42,2021-03-15 08:11:42,-3.6667,152.4333,81.48,72,28,6.64
98,Pochutla,MX,2021-03-15 08:11:42,2021-03-15 08:11:42,15.7432,-96.4661,75.0,86,0,3.0
99,Bethel,US,2021-03-15 08:11:42,2021-03-15 08:11:42,41.3712,-73.414,21.0,47,0,15.28
100,Vilyuysk,RU,2021-03-15 08:11:43,2021-03-15 08:11:43,63.7553,121.6247,0.28,88,100,9.35
101,Kruisfontein,ZA,2021-03-15 08:11:43,2021-03-15 08:11:43,-34.0033,24.7314,75.15,70,90,12.46
102,Buchanan,LR,2021-03-15 08:11:43,2021-03-15 08:11:43,5.8808,-10.0467,75.2,94,75,2.93
103,Egvekinot,RU,2021-03-15 08:11:43,2021-03-15 08:11:43,66.3167,-179.1667,-1.5,99,100,2.37
104,Tooele,US,2021-03-15 08:11:43,2021-03-15 08:11:43,40.5308,-112.2983,43.0,65,1,14.97
105,Falun,SE,2021-03-15 08:06:59,2021-03-15 08:06:59,60.6036,15.626,32.0,93,90,6.91
106,Hamilton,US,2021-03-15 08:11:43,2021-03-15 08:11:43,39.1834,-84.5333,37.0,30,1,13.8
107,Qaanaaq,GL,2021-03-15 08:11:43,2021-03-15 08:11:43,77.484,-69.3632,-8.82,64,47,6.06
108,Caravelas,BR,2021-03-15 08:11:43,2021-03-15 08:11:43,-17.7125,-39.2481,71.91,89,0,1.59
109,Petropavlovsk-Kamchatskiy,RU,2021-03-15 08:07:27,2021-03-15 08:07:27,53.0452,158.6483,35.6,51,0,4.47
110,Namibe,AO,2021-03-15 08:07:01,2021-03-15 08:07:01,-15.1961,12.1522,75.2,78,75,3.78
111,Waipawa,NZ,2021-03-15 08:11:44,2021-03-15 08:11:44,-41.4122,175.5153,64.4,72,99,19.57
112,Souillac,MU,2021-03-15 08:11:44,2021-03-15 08:11:44,-20.5167,57.5167,77.0,100,40,8.05
113,Ponta Do Sol,PT,2021-03-15 08:11:44,2021-03-15 08:11:44,32.6667,-17.1,55.0,69,21,1.99
114,Carnarvon,AU,2021-03-15 08:07:01,2021-03-15 08:07:01,-24.8667,113.6333,86.0,74,40,17.27
115,Rosetown,CA,2021-03-15 08:11:44,2021-03-15 08:11:44,51.5501,-108.0014,36.0,75,99,14.97
116,Kavaratti,IN,2021-03-15 08:07:56,2021-03-15 08:07:56,10.5669,72.642,83.39,66,0,5.35
117,Corum,TR,2021-03-15 08:07:54,2021-03-15 08:07:54,40.5,34.75,50.2,60,81,7.63
118,Ahuimanu,US,2021-03-15 08:11:45,2021-03-15 08:11:45,21.4447,-157.8378,71.6,83,75,6.91
119,Tiksi,RU,2021-03-15 08:11:45,2021-03-15 08:11:45,71.6872,128.8694,-7.2,97,100,3.65
120,Rabo De Peixe,PT,2021-03-15 08:11:45,2021-03-15 08:11:45,37.8,-25.5833,59.0,100,75,3.44
121,Tuktoyaktuk,CA,2021-03-15 08:11:45,2021-03-15 08:11:45,69.4541,-133.0374,-5.82,96,100,9.33
122,Coihaique,CL,2021-03-15 08:07:14,2021-03-15 08:07:14,-45.5752,-72.0662,49.28,95,100,5.39
123,Dingle,PH,2021-03-15 08:11:45,2021-03-15 08:11:45,10.9995,122.6711,84.79,72,9,8.9
124,Johnstown,US,2021-03-15 08:11:46,2021-03-15 08:11:46,40.3267,-78.922,21.0,53,1,8.05
125,Porto Torres,IT,2021-03-15 08:11:46,2021-03-15 08:11:46,40.835,8.3972,53.6,62,75,10.36
126,Takoradi,GH,2021-03-15 08:11:46,2021-03-15 08:11:46,4.8845,-1.7554,78.46,78,99,2.39
127,Sao Felix Do Xingu,BR,2021-03-15 08:07:47,2021-03-15 08:07:47,-6.6447,-51.995,69.66,98,100,0.13
128,Labuan,MY,2021-03-15 08:11:46,2021-03-15 08:11:46,5.2767,115.2417,86.0,70,20,5.75
129,Puerto Asis,CO,2021-03-15 08:11:46,2021-03-15 08:11:46,0.5133,-76.5007,69.82,99,100,2.04
130,Torbay,CA,2021-03-15 08:11:46,2021-03-15 08:11:46,47.6666,-52.7314,23.0,93,75,10.36
131,Northam,GB,2021-03-15 08:11:46,2021-03-15 08:11:46,51.0333,-4.2167,51.01,93,70,10.0
132,Beira,MZ,2021-03-15 08:11:46,2021-03-15 08:11:46,-19.8436,34.8389,84.2,74,40,5.75
133,Mahebourg,MU,2021-03-15 08:11:46,2021-03-15 08:11:46,-20.4081,57.7,77.0,100,40,8.05
134,Nenjiang,CN,2021-03-15 08:11:46,2021-03-15 08:11:46,49.1833,125.2167,35.62,43,56,10.83
135,Goderich,CA,2021-03-15 08:11:47,2021-03-15 08:11:47,43.7501,-81.7165,21.2,58,0,3.44
136,Olonets,RU,2021-03-15 08:11:47,2021-03-15 08:11:47,60.9847,32.9698,33.58,99,100,8.1
137,Puerto Madero,MX,2021-03-15 08:11:47,2021-03-15 08:11:47,14.7208,-92.4215,79.25,71,88,5.79
138,Airai,TL,2021-03-15 08:11:47,2021-03-15 08:11:47,-8.9266,125.4092,66.87,93,100,0.43
139,Banjar,ID,2021-03-15 08:11:47,2021-03-15 08:11:47,-8.19,114.9675,78.8,83,75,1.14
140,Oranjemund,NA,2021-03-15 08:11:48,2021-03-15 08:11:48,-28.55,16.4333,67.46,70,3,15.52
141,Korgen,NO,2021-03-15 08:11:48,2021-03-15 08:11:48,66.0771,13.8153,36.0,86,75,3.44
142,Provideniya,RU,2021-03-15 08:11:48,2021-03-15 08:11:48,64.3833,-173.3,17.78,97,99,3.02
143,Hithadhoo,MV,2021-03-15 08:11:48,2021-03-15 08:11:48,-0.6,73.0833,84.67,60,1,6.44
144,Norman Wells,CA,2021-03-15 08:11:48,2021-03-15 08:11:48,65.282,-126.8329,-13.0,84,75,5.53
145,Saldanha,ZA,2021-03-15 08:07:44,2021-03-15 08:07:44,-33.0117,17.9442,64.35,79,100,20.56
146,Takab,IR,2021-03-15 08:11:48,2021-03-15 08:11:48,36.4009,47.1133,45.97,54,100,5.64
147,Ozernovskiy,RU,2021-03-15 08:11:48,2021-03-15 08:11:48,51.5,156.5167,35.55,58,0,5.37
148,Samarai,PG,2021-03-15 08:11:48,2021-03-15 08:11:48,-10.6167,150.6667,82.53,71,100,0.07
149,Avera,US,2021-03-15 08:11:48,2021-03-15 08:11:48,33.194,-82.5271,63.0,88,1,5.75
150,Codrington,AU,2021-03-15 08:11:49,2021-03-15 08:11:49,-38.2667,141.9667,62.2,86,97,9.22
151,Haimen,CN,2021-03-15 08:11:49,2021-03-15 08:11:49,23.1935,116.6142,80.6,47,20,6.71
152,Thinadhoo,MV,2021-03-15 08:07:54,2021-03-15 08:07:54,0.5333,72.9333,83.34,68,7,0.94
153,Bathsheba,BB,2021-03-15 08:11:49,2021-03-15 08:11:49,13.2167,-59.5167,77.0,73,20,10.36
154,Susaki,JP,2021-03-15 08:07:14,2021-03-15 08:07:14,33.3667,133.2833,62.6,45,0,8.05
155,Warrnambool,AU,2021-03-15 08:07:28,2021-03-15 08:07:28,-38.3833,142.4833,62.01,92,95,9.44
156,Axim,GH,2021-03-15 08:06:51,2021-03-15 08:06:51,4.8699,-2.2405,80.26,73,97,3.6
157,Marienburg,PL,2021-03-15 08:11:49,2021-03-15 08:11:49,54.0359,19.0266,39.99,100,88,9.37
158,Chuy,UY,2021-03-15 08:11:49,2021-03-15 08:11:49,-33.6971,-53.4616,61.36,87,10,1.74
159,Omboue,GA,2021-03-15 08:07:57,2021-03-15 08:07:57,-1.5746,9.2618,79.79,82,99,3.83
160,Tasiilaq,GL,2021-03-15 08:11:49,2021-03-15 08:11:49,65.6145,-37.6368,26.6,74,90,46.04
161,Bambous Virieux,MU,2021-03-15 08:11:50,2021-03-15 08:11:50,-20.3428,57.7575,82.0,100,40,8.05
162,New Norfolk,AU,2021-03-15 08:11:50,2021-03-15 08:11:50,-42.7826,147.0587,66.0,52,11,1.99
163,Lynchburg,US,2021-03-15 08:11:50,2021-03-15 08:11:50,37.4138,-79.1423,44.6,29,1,8.05
164,Imeni Poliny Osipenko,RU,2021-03-15 08:11:50,2021-03-15 08:11:50,52.4201,136.4853,37.76,78,92,13.31
165,Henties Bay,NA,2021-03-15 08:11:50,2021-03-15 08:11:50,-22.116,14.2845,64.0,96,0,5.99
166,Srednekolymsk,RU,2021-03-15 08:11:50,2021-03-15 08:11:50,67.45,153.6833,-11.69,94,0,3.67
167,Coquimbo,CL,2021-03-15 08:07:06,2021-03-15 08:07:06,-29.9533,-71.3436,60.8,82,90,2.3
168,Husavik,IS,2021-03-15 08:11:50,2021-03-15 08:11:50,66.0449,-17.3389,15.8,86,0,3.44
169,Bonavista,CA,2021-03-15 08:11:50,2021-03-15 08:11:50,48.6499,-53.1147,27.0,93,100,1.14
170,Cherskiy,RU,2021-03-15 08:11:50,2021-03-15 08:11:50,68.75,161.3,-17.9,97,8,5.19
171,Yar-Sale,RU,2021-03-15 08:11:51,2021-03-15 08:11:51,66.8333,70.8333,17.47,93,96,5.28
172,Yulara,AU,2021-03-15 08:11:51,2021-03-15 08:11:51,-25.2406,130.9889,80.6,12,0,13.8
173,Honiara,SB,2021-03-15 08:07:23,2021-03-15 08:07:23,-9.4333,159.95,79.07,83,98,2.86
174,Faanui,PF,2021-03-15 08:11:51,2021-03-15 08:11:51,-16.4833,-151.75,82.42,78,48,13.78
175,Seminole,US,2021-03-15 08:11:51,2021-03-15 08:11:51,28.7086,-81.2081,64.99,88,1,3.44
176,Mar Del Plata,AR,2021-03-15 08:11:51,2021-03-15 08:11:51,-38.0023,-57.5575,64.99,88,0,6.91
177,Hervey Bay,AU,2021-03-15 08:11:51,2021-03-15 08:11:51,-25.2986,152.8535,77.0,88,90,6.91
178,Marsh Harbour,BS,2021-03-15 08:11:51,2021-03-15 08:11:51,26.5412,-77.0636,70.77,69,0,4.32
179,Flic En Flac,MU,2021-03-15 08:11:51,2021-03-15 08:11:51,-20.2742,57.3631,82.0,100,40,8.05
180,Jiangyou,CN,2021-03-15 08:07:45,2021-03-15 08:07:45,31.7667,104.7167,77.58,44,11,3.74
181,Gazojak,TM,2021-03-15 08:07:41,2021-03-15 08:07:41,41.1875,61.4036,30.24,54,100,8.66
182,Luza,RU,2021-03-15 08:11:51,2021-03-15 08:11:51,60.6308,47.2512,30.83,94,100,9.33
183,College,US,2021-03-15 08:11:52,2021-03-15 08:11:52,64.8569,-147.8028,-7.01,84,20,0.94
184,Itarema,BR,2021-03-15 08:11:52,2021-03-15 08:11:52,-2.9248,-39.9167,74.93,89,68,7.31
185,Te Anau,NZ,2021-03-15 08:11:52,2021-03-15 08:11:52,-45.4167,167.7167,51.58,82,3,7.36
186,Dwarka,IN,2021-03-15 08:11:52,2021-03-15 08:11:52,22.2394,68.9678,86.38,41,0,11.36
187,Panama City,PA,2021-03-15 08:07:43,2021-03-15 08:07:43,8.9936,-79.5197,75.2,83,90,2.3
188,Rudbar,AF,2021-03-15 08:11:52,2021-03-15 08:11:52,30.15,62.6,70.99,14,0,5.91
189,Calbuco,CL,2021-03-15 08:11:52,2021-03-15 08:11:52,-41.768,-73.1273,51.8,100,90,4.61
190,Jertih,MY,2021-03-15 08:10:51,2021-03-15 08:10:51,5.7336,102.4897,87.8,66,20,13.8
191,Sorong,ID,2021-03-15 08:11:52,2021-03-15 08:11:52,-0.8833,131.25,84.74,68,18,9.64
192,Atasu,KZ,2021-03-15 08:11:53,2021-03-15 08:11:53,48.6814,71.6433,8.55,77,14,4.0
193,Pokaran,IN,2021-03-15 08:11:53,2021-03-15 08:11:53,26.9167,71.9167,94.93,11,0,7.74
194,Davila,PH,2021-03-15 08:11:53,2021-03-15 08:11:53,18.4726,120.5763,87.8,70,75,9.22
195,Yichang,CN,2021-03-15 08:07:31,2021-03-15 08:07:31,30.7144,111.2847,75.99,59,100,4.0
196,Constitucion,CL,2021-03-15 08:11:53,2021-03-15 08:11:53,-35.3333,-72.4167,55.36,88,91,2.42
197,Hambantota,LK,2021-03-15 08:07:55,2021-03-15 08:07:55,6.1241,81.1185,91.4,62,40,12.66
198,Berlevag,NO,2021-03-15 08:11:53,2021-03-15 08:11:53,70.8578,29.0864,32.0,74,75,25.32
199,Mehamn,NO,2021-03-15 08:11:53,2021-03-15 08:11:53,71.0357,27.8492,30.2,80,75,18.41
200,Nioro,GM,2021-03-15 08:11:53,2021-03-15 08:11:53,13.35,-15.75,71.11,17,0,5.28
201,Akyab,MM,2021-03-15 08:11:53,2021-03-15 08:11:53,20.15,92.9,85.77,47,0,15.7
202,Belmonte,BR,2021-03-15 08:11:53,2021-03-15 08:11:53,-15.8631,-38.8828,69.8,94,20,3.44
203,Raudeberg,NO,2021-03-15 08:11:53,2021-03-15 08:11:53,61.9875,5.1352,37.99,91,7,3.38
204,Narsaq,GL,2021-03-15 08:11:54,2021-03-15 08:11:54,60.9167,-46.05,39.2,52,75,37.98
205,Kloulklubed,PW,2021-03-15 08:11:54,2021-03-15 08:11:54,7.0419,134.2556,82.4,78,75,4.61
206,Magnor,SE,2021-03-15 08:11:55,2021-03-15 08:11:55,59.9511,12.1996,30.2,80,0,8.05
207,Petrolina,BR,2021-03-15 08:07:14,2021-03-15 08:07:14,-9.3986,-40.5008,75.2,64,0,4.61
208,Karasjok,NO,2021-03-15 08:11:55,2021-03-15 08:11:55,69.4719,25.5112,26.6,93,90,4.61
209,Dinhata,IN,2021-03-15 08:11:56,2021-03-15 08:11:56,26.1333,89.4667,95.11,15,0,11.39
210,Gat,IL,2021-03-15 08:11:56,2021-03-15 08:11:56,31.61,34.7642,69.01,35,24,1.99
211,East London,ZA,2021-03-15 08:07:00,2021-03-15 08:07:00,-33.0153,27.9116,84.2,65,0,3.44
212,Tautira,PF,2021-03-15 08:11:56,2021-03-15 08:11:56,-17.7333,-149.15,82.0,74,20,3.44
213,Port Lincoln,AU,2021-03-15 08:07:53,2021-03-15 08:07:53,-34.7333,135.8667,66.0,71,100,10.8
214,Istmina,CO,2021-03-15 08:11:57,2021-03-15 08:11:57,5.1605,-76.684,73.06,96,100,0.27
215,Adrar,MR,2021-03-15 08:11:57,2021-03-15 08:11:57,20.5022,-10.0711,69.03,30,0,7.09
216,Farim,GW,2021-03-15 08:11:57,2021-03-15 08:11:57,12.4839,-15.2217,71.6,78,0,2.89
217,Boende,CD,2021-03-15 08:11:57,2021-03-15 08:11:57,-0.2167,20.8667,82.26,69,100,3.91
218,Amapa,BR,2021-03-15 08:07:55,2021-03-15 08:07:55,1.0,-52.0,69.3,99,45,1.36
219,Comodoro Rivadavia,AR,2021-03-15 08:07:36,2021-03-15 08:07:36,-45.8667,-67.5,64.4,59,0,8.05
220,Kahului,US,2021-03-15 08:11:57,2021-03-15 08:11:57,20.8947,-156.47,69.8,88,1,3.18
221,Sarahan,IN,2021-03-15 08:11:57,2021-03-15 08:11:57,31.5167,77.8,62.01,25,45,5.41
222,Flin Flon,CA,2021-03-15 08:11:57,2021-03-15 08:11:57,54.7682,-101.865,30.69,76,44,12.01
223,San Cristobal,VE,2021-03-15 08:07:51,2021-03-15 08:07:51,7.7669,-72.225,64.74,95,56,2.53
224,Aripuana,BR,2021-03-15 08:07:34,2021-03-15 08:07:34,-9.1667,-60.6333,71.71,99,100,1.57
225,Silva Jardim,BR,2021-03-15 08:11:57,2021-03-15 08:11:57,-22.6508,-42.3917,71.31,94,88,1.74
226,Mansa,IN,2021-03-15 08:11:58,2021-03-15 08:11:58,29.9833,75.3833,93.92,10,100,9.46
227,Lumbog,PH,2021-03-15 08:11:58,2021-03-15 08:11:58,7.5581,123.2014,82.4,71,9,5.79
228,Saint George,US,2021-03-15 08:07:32,2021-03-15 08:07:32,37.1041,-113.5841,48.99,57,1,1.59
229,Kilemary,RU,2021-03-15 08:11:58,2021-03-15 08:11:58,56.7783,46.8659,33.19,95,100,12.95
230,Mapiri,BO,2021-03-15 08:11:58,2021-03-15 08:11:58,-15.25,-68.1667,64.76,98,100,0.78
231,Chegdomyn,RU,2021-03-15 08:11:58,2021-03-15 08:11:58,51.1167,133.0167,41.2,57,100,9.89
232,Porto Novo,BJ,2021-03-15 08:11:58,2021-03-15 08:11:58,6.4965,2.6036,78.8,89,20,3.44
233,Wasilla,US,2021-03-15 08:11:58,2021-03-15 08:11:58,61.5814,-149.4394,19.99,58,90,1.95
234,Batagay-Alyta,RU,2021-03-15 08:11:58,2021-03-15 08:11:58,67.8006,130.4114,-1.14,74,85,7.99
235,Basqal,AZ,2021-03-15 08:11:58,2021-03-15 08:11:58,40.7552,48.391,42.8,61,40,3.44
236,Notse,TG,2021-03-15 08:11:59,2021-03-15 08:11:59,6.95,1.1667,81.91,71,100,3.04
237,Hirara,JP,2021-03-15 08:11:00,2021-03-15 08:11:00,24.8,125.2833,75.2,60,40,12.66
238,Sena Madureira,BR,2021-03-15 08:11:59,2021-03-15 08:11:59,-9.0656,-68.6569,71.65,98,100,1.66
239,Takaka,NZ,2021-03-15 08:11:59,2021-03-15 08:11:59,-40.85,172.8,66.99,87,100,5.01
240,Montepulciano,IT,2021-03-15 08:11:59,2021-03-15 08:11:59,43.1017,11.7868,46.99,85,0,0.43
241,Meulaboh,ID,2021-03-15 08:11:59,2021-03-15 08:11:59,4.1363,96.1285,85.51,66,100,7.34
242,Mineros,BO,2021-03-15 08:11:59,2021-03-15 08:11:59,-17.1167,-63.2333,71.6,94,75,2.3
243,Alta,NO,2021-03-15 08:11:59,2021-03-15 08:11:59,69.9689,23.2717,26.6,86,75,3.87
244,Camacha,PT,2021-03-15 08:11:59,2021-03-15 08:11:59,33.0833,-16.3333,60.8,77,20,9.22
245,Iqaluit,CA,2021-03-15 08:11:59,2021-03-15 08:11:59,63.7506,-68.5145,-13.0,70,75,26.46
246,Raga,SS,2021-03-15 08:11:59,2021-03-15 08:11:59,8.4596,25.678,94.15,35,100,5.32
247,Barhiya,IN,2021-03-15 08:12:00,2021-03-15 08:12:00,25.2833,86.0333,98.38,9,0,11.79
248,Wolgast,DE,2021-03-15 08:12:00,2021-03-15 08:12:00,54.05,13.7667,41.0,87,100,1.01
249,Mkushi,ZM,2021-03-15 08:12:00,2021-03-15 08:12:00,-13.6202,29.3939,69.91,84,80,7.81
250,Bilibino,RU,2021-03-15 08:12:00,2021-03-15 08:12:00,68.0546,166.4372,-13.04,99,100,4.9
251,Nsanje,MW,2021-03-15 08:12:00,2021-03-15 08:12:00,-16.92,35.262,85.15,64,27,2.98
252,Nadadores,MX,2021-03-15 08:12:00,2021-03-15 08:12:00,27.05,-101.6,56.44,33,0,1.61
253,Ixtapa,MX,2021-03-15 08:12:00,2021-03-15 08:12:00,20.7,-105.2,64.99,86,0,2.13
254,Leningradskiy,RU,2021-03-15 08:12:00,2021-03-15 08:12:00,69.3833,178.4167,-2.43,96,100,6.6
255,Yafran,LY,2021-03-15 08:12:00,2021-03-15 08:12:00,32.0633,12.5286,52.16,60,52,6.55
256,Arteaga,MX,2021-03-15 08:12:00,2021-03-15 08:12:00,18.4667,-102.4167,59.43,86,17,1.36
257,Proletarsk,RU,2021-03-15 08:07:29,2021-03-15 08:07:29,46.7031,41.7192,39.79,73,98,20.45
258,Lagos,NG,2021-03-15 08:12:01,2021-03-15 08:12:01,6.5833,3.75,84.11,66,97,1.43
259,Buala,SB,2021-03-15 08:12:01,2021-03-15 08:12:01,-8.145,159.5921,80.6,70,100,3.74
260,Vestmannaeyjar,IS,2021-03-15 08:12:01,2021-03-15 08:12:01,63.4427,-20.2734,41.0,56,90,26.46
261,Bethal,ZA,2021-03-15 08:12:02,2021-03-15 08:12:02,-26.4579,29.4655,73.99,61,0,1.99
262,Half Moon Bay,US,2021-03-15 08:12:02,2021-03-15 08:12:02,37.4636,-122.4286,46.4,81,90,17.27
263,Rocha,UY,2021-03-15 08:12:02,2021-03-15 08:12:02,-34.4833,-54.3333,58.19,89,0,2.06
264,Holsted,DK,2021-03-15 08:12:02,2021-03-15 08:12:02,55.5109,8.9187,41.0,93,90,17.27
265,Podporozhye,RU,2021-03-15 08:07:46,2021-03-15 08:07:46,60.9112,34.1706,33.84,100,100,6.91
266,Hofn,IS,2021-03-15 08:12:04,2021-03-15 08:12:04,64.2539,-15.2082,32.0,86,90,3.44
267,Ballina,AU,2021-03-15 08:12:04,2021-03-15 08:12:04,-28.8667,153.5667,71.6,88,90,12.66
268,Korla,CN,2021-03-15 08:12:04,2021-03-15 08:12:04,41.7597,86.1469,63.99,22,45,8.61
269,Kodiak,US,2021-03-15 08:12:04,2021-03-15 08:12:04,57.79,-152.4072,28.4,69,1,8.05
270,Hami,CN,2021-03-15 08:07:51,2021-03-15 08:07:51,42.8,93.45,55.36,18,100,11.68
271,Yenagoa,NG,2021-03-15 08:12:04,2021-03-15 08:12:04,4.9247,6.2642,79.05,81,100,2.91
272,Shingu,JP,2021-03-15 08:12:04,2021-03-15 08:12:04,33.7333,135.9833,60.8,41,0,12.66
273,Sao Joao Do Paraiso,BR,2021-03-15 08:12:04,2021-03-15 08:12:04,-15.3136,-42.0144,65.07,94,98,6.91
274,Kirakira,SB,2021-03-15 08:07:53,2021-03-15 08:07:53,-10.4544,161.9205,80.56,76,100,4.83
275,Krasnoselkup,RU,2021-03-15 08:12:04,2021-03-15 08:12:04,65.7,82.4667,15.1,89,99,8.37
276,Talnakh,RU,2021-03-15 08:12:05,2021-03-15 08:12:05,69.4865,88.3972,-19.89,92,0,1.61
277,Chiredzi,ZW,2021-03-15 08:12:05,2021-03-15 08:12:05,-21.05,31.6667,83.3,51,0,1.36
278,Maningrida,AU,2021-03-15 08:12:05,2021-03-15 08:12:05,-12.0667,134.2667,84.15,71,70,7.07
279,Pisco,PE,2021-03-15 08:12:05,2021-03-15 08:12:05,-13.7,-76.2167,73.4,68,75,10.36
280,Vila Franca Do Campo,PT,2021-03-15 08:12:05,2021-03-15 08:12:05,37.7167,-25.4333,59.0,100,75,3.44
281,Fuerte Olimpo,PY,2021-03-15 08:07:55,2021-03-15 08:07:55,-21.0415,-57.8738,73.24,86,92,3.96
282,Anadyr,RU,2021-03-15 08:12:05,2021-03-15 08:12:05,64.75,177.4833,0.0,78,40,20.13
283,Dikson,RU,2021-03-15 08:12:05,2021-03-15 08:12:05,73.5069,80.5464,-22.23,95,100,11.88
284,Kalmunai,LK,2021-03-15 08:12:05,2021-03-15 08:12:05,7.4167,81.8167,85.05,62,91,11.92
285,Ossora,RU,2021-03-15 08:12:06,2021-03-15 08:12:06,59.2353,163.0719,3.52,85,0,1.59
286,Verkhnevilyuysk,RU,2021-03-15 08:12:06,2021-03-15 08:12:06,63.4453,120.3167,2.84,85,100,9.82
287,Monticello,US,2021-03-15 08:12:06,2021-03-15 08:12:06,45.3055,-93.7941,32.0,59,1,13.13
288,Salalah,OM,2021-03-15 08:12:06,2021-03-15 08:12:06,17.0151,54.0924,84.2,51,0,9.22
289,Gainesville,US,2021-03-15 08:07:46,2021-03-15 08:07:46,29.6516,-82.3248,60.01,88,1,0.94
290,Komsomolskiy,UZ,2021-03-15 08:12:07,2021-03-15 08:12:07,40.4272,71.7189,35.6,64,75,2.3
291,Bereda,ES,2021-03-15 08:12:07,2021-03-15 08:12:07,43.2686,-7.5406,41.0,100,52,1.01
292,Noumea,NC,2021-03-15 08:12:07,2021-03-15 08:12:07,-22.2763,166.4572,78.8,73,75,11.5
293,Aykhal,RU,2021-03-15 08:07:34,2021-03-15 08:07:34,66.0,111.5,-3.15,85,100,17.9
294,Timra,SE,2021-03-15 08:12:07,2021-03-15 08:12:07,62.487,17.3257,33.8,93,90,2.3
295,Avrille,FR,2021-03-15 08:12:07,2021-03-15 08:12:07,47.5,-0.5833,51.01,87,90,11.5
296,Guilin,CN,2021-03-15 08:07:34,2021-03-15 08:07:34,25.2819,110.2864,66.2,94,90,2.24
297,Avarua,CK,2021-03-15 08:12:07,2021-03-15 08:12:07,-21.2078,-159.775,78.8,89,20,2.3
298,Tabou,CI,2021-03-15 08:12:07,2021-03-15 08:12:07,4.423,-7.3528,77.07,89,100,6.49
299,Zyryanskoye,RU,2021-03-15 08:12:07,2021-03-15 08:12:07,56.8306,86.6258,15.89,87,100,11.1
300,Garden City,US,2021-03-15 08:12:08,2021-03-15 08:12:08,42.3256,-83.331,25.0,68,75,3.44
301,Muros,ES,2021-03-15 08:12:08,2021-03-15 08:12:08,42.7762,-9.0603,48.0,79,0,1.01
302,Turayf,SA,2021-03-15 08:12:08,2021-03-15 08:12:08,31.6725,38.6637,64.4,36,44,12.66
303,Nome,US,2021-03-15 08:12:08,2021-03-15 08:12:08,64.5011,-165.4064,19.4,93,90,12.66
304,Kamenka,RU,2021-03-15 08:12:08,2021-03-15 08:12:08,51.3223,42.7678,32.0,85,100,8.01
305,Bakchar,RU,2021-03-15 08:12:08,2021-03-15 08:12:08,57.0186,82.0711,17.28,90,100,8.57
306,Parrita,CR,2021-03-15 08:12:08,2021-03-15 08:12:08,9.5201,-84.3225,68.0,68,0,10.36
307,Geraldton,AU,2021-03-15 08:07:22,2021-03-15 08:07:22,-28.7667,114.6,95.0,18,40,16.11
308,Pilar,BR,2021-03-15 08:12:08,2021-03-15 08:12:08,-9.5972,-35.9567,69.8,94,20,2.3
309,Shirokiy,RU,2021-03-15 08:12:08,2021-03-15 08:12:08,49.758,129.523,36.45,98,100,12.21
310,Guaranesia,BR,2021-03-15 08:12:08,2021-03-15 08:12:08,-21.2992,-46.8025,65.66,94,47,3.56
311,Ipixuna,BR,2021-03-15 08:12:09,2021-03-15 08:12:09,-1.7625,-48.8043,75.2,94,0,5.75
312,Lensk,RU,2021-03-15 08:12:09,2021-03-15 08:12:09,60.7253,114.9278,15.58,86,100,14.56
313,Hasan Abdal,PK,2021-03-15 08:07:49,2021-03-15 08:07:49,30.4333,72.7,91.65,17,100,5.55
314,Lorengau,PG,2021-03-15 08:12:09,2021-03-15 08:12:09,-2.0226,147.2712,83.21,69,100,5.28
315,Ust-Nera,RU,2021-03-15 08:12:09,2021-03-15 08:12:09,64.5667,143.2,-4.47,97,100,4.36
316,Nanortalik,GL,2021-03-15 08:12:10,2021-03-15 08:12:10,60.1432,-45.2371,30.02,90,100,5.64
317,Kenai,US,2021-03-15 08:09:12,2021-03-15 08:09:12,60.5544,-151.2583,19.99,86,90,3.44
318,Zheleznodorozhnyy,RU,2021-03-15 08:12:10,2021-03-15 08:12:10,55.7503,38.0042,36.0,87,75,13.42
319,Sergach,RU,2021-03-15 08:12:10,2021-03-15 08:12:10,55.5308,45.4661,29.12,88,90,18.07
320,Khatanga,RU,2021-03-15 08:12:10,2021-03-15 08:12:10,71.9667,102.5,-18.87,92,100,12.44
321,Guanica,PR,2021-03-15 08:12:11,2021-03-15 08:12:11,17.9716,-66.908,72.0,37,58,1.99
322,Moose Factory,CA,2021-03-15 08:12:11,2021-03-15 08:12:11,51.2585,-80.6094,-7.6,77,1,4.61
323,Portland,US,2021-03-15 08:11:15,2021-03-15 08:11:15,45.5234,-122.6762,39.99,75,50,1.99
324,The Valley,AI,2021-03-15 08:07:50,2021-03-15 08:07:50,18.217,-63.0578,75.2,78,20,2.3
325,Aswan,EG,2021-03-15 08:12:11,2021-03-15 08:12:11,24.0934,32.907,82.96,19,92,4.16
326,Bredasdorp,ZA,2021-03-15 08:12:11,2021-03-15 08:12:11,-34.5322,20.0403,66.2,82,100,11.5
327,Monteagudo,BO,2021-03-15 08:12:11,2021-03-15 08:12:11,-19.8167,-63.9833,60.01,95,89,2.04
328,Boca Do Acre,BR,2021-03-15 08:12:11,2021-03-15 08:12:11,-8.7522,-67.3978,72.59,99,100,1.66
329,Kholmy,UA,2021-03-15 08:12:11,2021-03-15 08:12:11,51.871,32.6006,36.72,99,100,6.04
330,Shimoda,JP,2021-03-15 08:12:11,2021-03-15 08:12:11,34.6667,138.95,59.0,58,20,10.36
331,General Roca,AR,2021-03-15 08:12:12,2021-03-15 08:12:12,-39.0333,-67.5833,66.2,72,0,2.3
332,Byadgi,IN,2021-03-15 08:12:12,2021-03-15 08:12:12,14.6833,75.4833,94.5,13,5,9.62
333,Man,CI,2021-03-15 08:12:12,2021-03-15 08:12:12,7.4125,-7.5538,74.73,83,100,1.14
334,Santa Cruz De Tenerife,ES,2021-03-15 08:07:13,2021-03-15 08:07:13,28.4682,-16.2546,62.01,94,40,17.27
335,Zhigansk,RU,2021-03-15 08:12:13,2021-03-15 08:12:13,66.7697,123.3711,-11.72,83,34,7.83
336,Ko Samui,TH,2021-03-15 08:12:13,2021-03-15 08:12:13,9.5357,99.9357,87.8,62,20,13.8
337,Hanzhong,CN,2021-03-15 08:12:13,2021-03-15 08:12:13,33.0728,107.0303,77.13,34,0,3.71
338,Marfino,RU,2021-03-15 08:12:13,2021-03-15 08:12:13,55.7028,37.3822,36.0,93,75,6.71
339,Tirlyanskiy,RU,2021-03-15 08:12:13,2021-03-15 08:12:13,54.2109,58.5806,23.59,65,97,8.1
340,Lakes Entrance,AU,2021-03-15 08:12:14,2021-03-15 08:12:14,-37.8811,147.981,69.01,60,0,1.01
341,Dong Hoi,VN,2021-03-15 08:11:53,2021-03-15 08:11:53,17.4833,106.6,78.35,77,0,12.77
342,Neyshabur,IR,2021-03-15 08:12:14,2021-03-15 08:12:14,36.2133,58.7958,47.93,33,3,3.24
343,Phangnga,TH,2021-03-15 08:12:14,2021-03-15 08:12:14,8.4509,98.5298,98.6,49,20,9.22
344,Kemi,FI,2021-03-15 08:12:14,2021-03-15 08:12:14,65.8596,24.8228,28.4,93,75,3.44
345,Chalus,IR,2021-03-15 08:12:14,2021-03-15 08:12:14,36.655,51.4204,48.2,57,75,9.22
346,Mobaye,CF,2021-03-15 08:12:14,2021-03-15 08:12:14,4.319,21.1786,75.24,83,100,0.31
347,Sao Joao Da Barra,BR,2021-03-15 08:07:33,2021-03-15 08:07:33,-21.6403,-41.0511,73.81,91,68,9.26
348,Narasannapeta,IN,2021-03-15 08:12:14,2021-03-15 08:12:14,18.4167,84.05,89.82,46,20,14.94
349,Nkhotakota,MW,2021-03-15 08:07:49,2021-03-15 08:07:49,-12.9274,34.2961,76.17,83,69,5.82
350,Zalesovo,RU,2021-03-15 08:12:14,2021-03-15 08:12:14,53.9939,84.7431,13.35,89,100,8.7
351,Port Hedland,AU,2021-03-15 08:12:15,2021-03-15 08:12:15,-20.3167,118.5667,95.0,34,50,12.66
352,Ribeira Grande,PT,2021-03-15 08:12:15,2021-03-15 08:12:15,38.5167,-28.7,59.0,88,20,6.91
353,Qasigiannguit,GL,2021-03-15 08:12:15,2021-03-15 08:12:15,68.8193,-51.1922,10.4,61,52,9.22
354,Safita,SY,2021-03-15 08:12:15,2021-03-15 08:12:15,34.8205,36.1153,64.99,72,58,1.01
355,Mahajanga,MG,2021-03-15 08:07:32,2021-03-15 08:07:32,-15.7167,46.3167,87.8,62,20,6.91
356,Teahupoo,PF,2021-03-15 08:12:15,2021-03-15 08:12:15,-17.8333,-149.2667,82.0,74,20,3.44
357,Longyearbyen,SJ,2021-03-15 08:07:59,2021-03-15 08:07:59,78.2186,15.6401,-4.0,65,75,8.05
358,Port Elizabeth,ZA,2021-03-15 08:12:15,2021-03-15 08:12:15,-33.918,25.5701,69.8,94,75,9.22
359,Sao Jose Da Coroa Grande,BR,2021-03-15 08:12:15,2021-03-15 08:12:15,-8.8978,-35.1478,75.67,78,100,3.67
360,Goure,NE,2021-03-15 08:12:15,2021-03-15 08:12:15,13.9835,10.2704,86.0,10,40,4.0
361,Kingman,US,2021-03-15 08:12:16,2021-03-15 08:12:16,35.1894,-114.053,46.0,45,1,6.91
362,Coahuayana,MX,2021-03-15 08:12:16,2021-03-15 08:12:16,18.7333,-103.6833,68.65,86,15,3.2
363,Tottori,JP,2021-03-15 08:12:16,2021-03-15 08:12:16,35.5,134.2333,55.4,62,75,6.91
364,Bilma,NE,2021-03-15 08:12:16,2021-03-15 08:12:16,18.6853,12.9164,84.15,12,0,17.9
365,Turbat,PK,2021-03-15 08:12:16,2021-03-15 08:12:16,26.0023,63.044,93.34,18,0,10.69
366,Clyde River,CA,2021-03-15 08:12:16,2021-03-15 08:12:16,70.4692,-68.5914,-5.8,84,40,33.38
367,Jacareacanga,BR,2021-03-15 08:12:17,2021-03-15 08:12:17,-6.2222,-57.7528,70.29,98,25,0.92
368,Puerto Parra,CO,2021-03-15 08:12:17,2021-03-15 08:12:17,6.6515,-74.0573,72.14,95,20,0.49
369,Bucerias,MX,2021-03-15 08:12:17,2021-03-15 08:12:17,20.75,-105.3333,64.99,86,0,4.27
370,Fougamou,GA,2021-03-15 08:12:17,2021-03-15 08:12:17,-1.2154,10.5838,79.21,85,100,0.94
371,Hermosillo,MX,2021-03-15 08:12:17,2021-03-15 08:12:17,29.0667,-110.9667,57.0,46,93,0.31
372,Canon City,US,2021-03-15 08:12:18,2021-03-15 08:12:18,38.441,-105.2424,32.0,64,75,14.97
373,Buenos Aires,AR,2021-03-15 08:12:18,2021-03-15 08:12:18,-34.6132,-58.3772,73.4,68,0,10.36
374,Lazaro Cardenas,MX,2021-03-15 08:12:18,2021-03-15 08:12:18,17.9583,-102.2,74.71,82,56,4.36
375,Santa Rosa,PH,2021-03-15 08:12:18,2021-03-15 08:12:18,14.3122,121.1114,82.99,89,90,8.05
376,Iquique,CL,2021-03-15 08:07:46,2021-03-15 08:07:46,-20.2208,-70.1431,69.8,64,0,12.66
377,Cayenne,GF,2021-03-15 08:07:42,2021-03-15 08:07:42,4.9333,-52.3333,77.0,100,75,2.3
378,Enshi,CN,2021-03-15 08:12:18,2021-03-15 08:12:18,30.3,109.4833,78.78,57,9,1.28
379,Tukrah,LY,2021-03-15 08:12:18,2021-03-15 08:12:18,32.5341,20.5791,60.17,67,28,18.43
380,Ugoofaaru,MV,2021-03-15 08:07:54,2021-03-15 08:07:54,5.6667,73.0,82.76,75,41,11.72
381,Manzanillo,CU,2021-03-15 08:12:18,2021-03-15 08:12:18,20.3433,-77.1167,69.06,88,0,7.11
382,Nakhon Sawan,TH,2021-03-15 08:12:18,2021-03-15 08:12:18,15.7,100.0833,96.01,48,87,4.03
383,Alofi,NU,2021-03-15 08:07:35,2021-03-15 08:07:35,-19.0595,-169.9187,77.0,94,78,10.51
384,Lagoa,PT,2021-03-15 08:12:19,2021-03-15 08:12:19,39.05,-27.9833,59.2,92,100,4.85
385,Saint-Joseph,RE,2021-03-15 08:12:19,2021-03-15 08:12:19,-21.3667,55.6167,82.4,74,0,25.32
386,Peshkopi,AL,2021-03-15 08:12:19,2021-03-15 08:12:19,41.685,20.4289,44.6,81,90,20.71
387,Nyurba,RU,2021-03-15 08:12:19,2021-03-15 08:12:19,63.2842,118.3319,5.52,87,100,11.63
388,Hokitika,NZ,2021-03-15 08:12:20,2021-03-15 08:12:20,-42.7167,170.9667,63.18,96,100,13.29
389,Slave Lake,CA,2021-03-15 08:12:20,2021-03-15 08:12:20,55.2834,-114.769,23.0,74,90,28.77
390,Djougou,BJ,2021-03-15 08:07:24,2021-03-15 08:07:24,9.7085,1.666,77.0,73,0,3.44
391,Kavieng,PG,2021-03-15 08:12:20,2021-03-15 08:12:20,-2.5744,150.7967,81.46,80,100,8.39
392,Satipo,PE,2021-03-15 08:07:36,2021-03-15 08:07:36,-11.2522,-74.6386,67.1,88,91,1.21
393,Astana,KZ,2021-03-15 08:12:20,2021-03-15 08:12:20,51.1801,71.446,5.0,78,0,8.95
394,San Agustin,MX,2021-03-15 08:12:20,2021-03-15 08:12:20,20.5333,-103.4667,60.8,33,1,2.17
395,Bajil,YE,2021-03-15 08:07:50,2021-03-15 08:07:50,15.0584,43.2851,88.2,44,94,7.61
396,Ketchikan,US,2021-03-15 08:12:20,2021-03-15 08:12:20,55.3422,-131.6461,24.8,100,20,3.44
397,Dehloran,IR,2021-03-15 08:12:20,2021-03-15 08:12:20,32.6941,47.2679,70.61,35,59,6.08
398,Iralaya,HN,2021-03-15 08:12:20,2021-03-15 08:12:20,15.0,-83.2333,75.88,80,5,8.32
399,Kamaishi,JP,2021-03-15 08:07:51,2021-03-15 08:07:51,39.2667,141.8833,51.8,50,20,17.27
400,Kysyl-Syr,RU,2021-03-15 08:12:21,2021-03-15 08:12:21,63.8986,122.7617,-1.34,88,94,9.08
401,Along,IN,2021-03-15 08:12:21,2021-03-15 08:12:21,28.1667,94.7667,85.44,33,7,3.24
402,Nabire,ID,2021-03-15 08:12:21,2021-03-15 08:12:21,-3.3667,135.4833,83.26,76,97,2.57
403,Herat,AF,2021-03-15 08:07:54,2021-03-15 08:07:54,34.5,62.0,46.4,61,40,3.44
404,Rio Das Ostras,BR,2021-03-15 08:12:21,2021-03-15 08:12:21,-22.5269,-41.945,75.2,94,0,6.91
405,Le Port,RE,2021-03-15 08:12:21,2021-03-15 08:12:21,-20.9373,55.2919,87.8,55,0,18.41
406,Dunda,TZ,2021-03-15 08:12:21,2021-03-15 08:12:21,-8.1167,34.25,80.08,60,3,2.08
407,Manzhouli,CN,2021-03-15 08:12:21,2021-03-15 08:12:21,49.6,117.4333,17.96,62,29,31.0
408,Salamanca,ES,2021-03-15 08:07:54,2021-03-15 08:07:54,40.8333,-6.0,39.99,81,0,3.0
409,Tuatapere,NZ,2021-03-15 08:12:22,2021-03-15 08:12:22,-46.1333,167.6833,55.0,72,2,3.0
410,Bom Sucesso,BR,2021-03-15 08:12:22,2021-03-15 08:12:22,-21.0331,-44.7581,62.78,95,1,1.97
411,Danielskuil,ZA,2021-03-15 08:12:22,2021-03-15 08:12:22,-28.1887,23.5395,73.53,44,98,15.79
412,Abha,SA,2021-03-15 08:12:22,2021-03-15 08:12:22,18.2164,42.5053,75.2,23,0,9.22
413,Mandalgovi,MN,2021-03-15 08:12:22,2021-03-15 08:12:22,45.7625,106.2708,27.99,16,59,9.17
414,Orange,US,2021-03-15 08:12:23,2021-03-15 08:12:23,33.7,-117.7675,55.99,67,90,5.12
415,Dayong,CN,2021-03-15 08:12:23,2021-03-15 08:12:23,25.0209,118.2898,82.4,44,0,8.95
416,Sonoita,MX,2021-03-15 08:12:23,2021-03-15 08:12:23,31.85,-112.8333,55.0,41,0,4.07
417,Touros,BR,2021-03-15 08:12:23,2021-03-15 08:12:23,-5.1989,-35.4608,73.4,94,20,3.44
418,Kalyan,IN,2021-03-15 08:12:23,2021-03-15 08:12:23,19.25,73.15,93.2,36,0,10.36
419,Bredy,RU,2021-03-15 08:12:23,2021-03-15 08:12:23,52.4153,60.3411,13.73,83,67,8.77
420,Shakhta,RU,2021-03-15 08:12:23,2021-03-15 08:12:23,59.0927,57.653,23.0,62,100,3.0
421,Kutum,SD,2021-03-15 08:12:23,2021-03-15 08:12:23,14.2,24.6667,86.85,5,18,6.98
422,Darmanesti,RO,2021-03-15 08:12:24,2021-03-15 08:12:24,46.3667,26.4833,45.0,81,75,9.22
423,Benjamin Hill,MX,2021-03-15 08:12:24,2021-03-15 08:12:24,30.1667,-111.1,46.99,58,100,1.99
424,Cockburn Town,TC,2021-03-15 08:12:24,2021-03-15 08:12:24,21.4612,-71.1419,74.66,66,96,12.28
425,Buraydah,SA,2021-03-15 08:12:24,2021-03-15 08:12:24,26.326,43.975,75.2,35,40,13.8
426,Agadez,NE,2021-03-15 08:07:56,2021-03-15 08:07:56,19.75,10.25,74.66,22,0,16.31
427,Daru,PG,2021-03-15 08:12:24,2021-03-15 08:12:24,-9.0763,143.2092,82.65,75,48,6.67
428,Griffith,US,2021-03-15 08:12:24,2021-03-15 08:12:24,41.5284,-87.4237,37.4,52,1,12.66
429,Fairbanks,US,2021-03-15 08:12:25,2021-03-15 08:12:25,64.8378,-147.7164,-7.01,84,1,0.36
430,Baker City,US,2021-03-15 08:12:25,2021-03-15 08:12:25,44.7749,-117.8344,42.8,56,40,8.05
431,Hirado,JP,2021-03-15 08:07:38,2021-03-15 08:07:38,33.3597,129.5531,64.99,48,0,9.22
432,Sinnamary,GF,2021-03-15 08:12:25,2021-03-15 08:12:25,5.3833,-52.95,76.41,84,100,10.45
433,Nalut,LY,2021-03-15 08:12:25,2021-03-15 08:12:25,30.3333,10.85,58.39,49,0,4.83
434,Mumford,GH,2021-03-15 08:12:11,2021-03-15 08:12:11,5.2618,-0.759,80.53,74,100,4.65
435,Malumfashi,NG,2021-03-15 08:12:25,2021-03-15 08:12:25,11.7853,7.6218,84.31,17,14,6.87
436,Novikovo,RU,2021-03-15 08:12:25,2021-03-15 08:12:25,51.1537,37.8879,36.27,81,85,13.44
437,Umm Lajj,SA,2021-03-15 08:12:25,2021-03-15 08:12:25,25.0213,37.2685,81.19,43,100,5.59
438,Kyabe,TD,2021-03-15 08:12:26,2021-03-15 08:12:26,9.4515,18.9449,90.63,36,32,7.11
439,Grindavik,IS,2021-03-15 08:12:26,2021-03-15 08:12:26,63.8424,-22.4338,39.2,93,90,17.27
440,Soto La Marina,MX,2021-03-15 08:12:26,2021-03-15 08:12:26,23.7667,-98.2167,71.01,96,29,1.99
441,Batticaloa,LK,2021-03-15 08:12:26,2021-03-15 08:12:26,7.7102,81.6924,84.43,62,92,10.54
442,Balezino,RU,2021-03-15 08:12:26,2021-03-15 08:12:26,57.9796,53.0106,25.47,91,100,12.26
443,Urumqi,CN,2021-03-15 08:07:31,2021-03-15 08:07:31,43.801,87.6005,30.2,86,75,2.24
444,Hammerfest,NO,2021-03-15 08:12:26,2021-03-15 08:12:26,70.6634,23.6821,28.4,86,75,12.66
445,Spartanburg,US,2021-03-15 08:12:26,2021-03-15 08:12:26,34.9496,-81.9321,57.2,38,75,6.91
446,Atbasar,KZ,2021-03-15 08:12:26,2021-03-15 08:12:26,51.8,68.3333,10.42,84,0,7.47
447,Mamallapuram,IN,2021-03-15 08:12:26,2021-03-15 08:12:26,12.6264,80.1722,93.2,36,0,10.36
448,Sri Aman,MY,2021-03-15 08:12:26,2021-03-15 08:12:26,1.2376,111.4621,89.6,70,20,2.3
449,Cartagena Del Chaira,CO,2021-03-15 08:12:27,2021-03-15 08:12:27,1.3349,-74.8429,70.88,97,97,1.95
450,Catamarca,AR,2021-03-15 08:12:27,2021-03-15 08:12:27,-28.4696,-65.7852,70.0,99,40,3.56
451,Havre-Saint-Pierre,CA,2021-03-15 08:12:27,2021-03-15 08:12:27,50.2334,-63.5986,-0.4,55,20,11.5
452,Olafsvik,IS,2021-03-15 08:12:27,2021-03-15 08:12:27,64.8945,-23.7142,36.66,84,100,18.5
453,Cabedelo,BR,2021-03-15 08:12:28,2021-03-15 08:12:28,-6.9811,-34.8339,75.2,100,75,6.91
454,Takapau,NZ,2021-03-15 08:12:28,2021-03-15 08:12:28,-40.0333,176.35,58.75,94,95,2.53
455,Orlik,RU,2021-03-15 08:12:28,2021-03-15 08:12:28,52.5178,99.825,16.18,67,100,1.54
456,Likasi,CD,2021-03-15 08:12:28,2021-03-15 08:12:28,-10.9814,26.7333,69.62,88,81,3.2
457,Necochea,AR,2021-03-15 08:12:28,2021-03-15 08:12:28,-38.5473,-58.7368,57.0,95,0,1.99
458,Lavrentiya,RU,2021-03-15 08:12:28,2021-03-15 08:12:28,65.5833,-171.0,18.93,95,99,7.63
459,Luderitz,NA,2021-03-15 08:12:29,2021-03-15 08:12:29,-26.6481,15.1594,70.75,59,0,22.66
460,Mount Gambier,AU,2021-03-15 08:12:29,2021-03-15 08:12:29,-37.8333,140.7667,62.6,88,90,12.66
461,Pandan,PH,2021-03-15 08:12:29,2021-03-15 08:12:29,14.0453,124.1694,81.75,82,100,2.89
462,Deoband,IN,2021-03-15 08:12:29,2021-03-15 08:12:29,29.7,77.6833,95.36,9,2,13.69
463,Alyangula,AU,2021-03-15 08:12:29,2021-03-15 08:12:29,-13.8483,136.4192,78.8,94,40,6.91
464,Ayagoz,KZ,2021-03-15 08:07:44,2021-03-15 08:07:44,47.9714,80.4392,18.32,88,95,12.15
465,Fare,PF,2021-03-15 08:12:29,2021-03-15 08:12:29,-16.7,-151.0167,82.67,77,3,15.41
466,Carutapera,BR,2021-03-15 08:12:29,2021-03-15 08:12:29,-1.195,-46.02,75.34,93,44,4.12
467,Sibolga,ID,2021-03-15 08:12:29,2021-03-15 08:12:29,1.7427,98.7792,85.21,67,100,5.14
468,Colares,PT,2021-03-15 08:12:30,2021-03-15 08:12:30,38.7992,-9.4469,57.0,62,0,6.91
469,Haines Junction,CA,2021-03-15 08:12:30,2021-03-15 08:12:30,60.7522,-137.5108,-9.4,77,99,3.44
470,Paoua,CF,2021-03-15 08:12:30,2021-03-15 08:12:30,7.2427,16.4406,90.36,33,100,5.66
471,Briancon,FR,2021-03-15 08:12:30,2021-03-15 08:12:30,44.9,6.65,39.99,92,48,5.17
472,Chapais,CA,2021-03-15 08:12:30,2021-03-15 08:12:30,49.7834,-74.8492,-14.8,76,1,8.05
473,Tommot,RU,2021-03-15 08:12:30,2021-03-15 08:12:30,58.9564,126.2925,8.1,77,100,12.06
474,Marquette,US,2021-03-15 08:12:30,2021-03-15 08:12:30,46.5333,-87.6335,21.0,82,0,2.89
475,Lukovetskiy,RU,2021-03-15 08:12:30,2021-03-15 08:12:30,64.2956,41.9211,32.0,80,90,4.47
476,Ganzhou,CN,2021-03-15 08:12:30,2021-03-15 08:12:30,28.8184,115.4327,78.57,65,7,9.44
477,Labuhan,ID,2021-03-15 08:12:30,2021-03-15 08:12:30,-6.8844,112.2051,84.56,70,23,7.23
478,Lianyuan,CN,2021-03-15 08:12:31,2021-03-15 08:12:31,27.6883,111.6642,79.66,62,43,6.2
479,Vao,NC,2021-03-15 08:12:31,2021-03-15 08:12:31,-22.6667,167.4833,77.0,79,0,15.88
480,Nimes,FR,2021-03-15 08:12:31,2021-03-15 08:12:31,43.8333,4.35,50.0,53,0,12.66
481,Zaysan,KZ,2021-03-15 08:12:31,2021-03-15 08:12:31,47.4667,84.8667,22.93,93,100,3.0
482,Nizhnyaya Omka,RU,2021-03-15 08:12:31,2021-03-15 08:12:31,55.4338,74.9426,13.17,93,91,9.8
483,Pemba,MZ,2021-03-15 08:12:31,2021-03-15 08:12:31,-12.974,40.5178,82.4,78,20,4.61
484,Halifax,CA,2021-03-15 08:12:31,2021-03-15 08:12:31,44.6453,-63.5724,15.8,62,100,10.36
485,Murray,US,2021-03-15 08:12:31,2021-03-15 08:12:31,40.6669,-111.888,46.0,70,1,8.05
486,Tupik,RU,2021-03-15 08:12:31,2021-03-15 08:12:31,54.4253,119.9327,14.23,67,53,14.2
487,Sungaipenuh,ID,2021-03-15 08:12:31,2021-03-15 08:12:31,-2.0833,101.3833,75.18,84,99,1.88
488,Almaznyy,RU,2021-03-15 08:12:33,2021-03-15 08:12:33,48.0448,40.045,41.0,70,40,20.13
489,Byron Bay,AU,2021-03-15 08:12:33,2021-03-15 08:12:33,-28.65,153.6167,71.6,88,90,12.66
490,San Patricio,US,2021-03-15 08:12:34,2021-03-15 08:12:34,28.017,-97.5169,60.01,88,90,5.75
491,Yeppoon,AU,2021-03-15 08:12:34,2021-03-15 08:12:34,-23.1333,150.7333,82.4,78,75,4.61
492,Lima,PE,2021-03-15 08:10:59,2021-03-15 08:10:59,-12.0432,-77.0282,73.99,83,0,5.75
493,Hennenman,ZA,2021-03-15 08:07:50,2021-03-15 08:07:50,-27.9765,27.0242,78.01,48,0,6.6
494,Genhe,CN,2021-03-15 08:12:34,2021-03-15 08:12:34,50.7833,121.5167,14.07,86,100,15.7
495,Rognan,NO,2021-03-15 08:12:34,2021-03-15 08:12:34,67.0953,15.3878,34.0,94,99,3.56
496,Moron,AR,2021-03-15 08:12:34,2021-03-15 08:12:34,-34.6534,-58.6198,73.0,69,57,4.0
497,Turukhansk,RU,2021-03-15 08:12:34,2021-03-15 08:12:34,65.8167,87.9833,13.82,86,100,6.22
498,Ukiah,US,2021-03-15 08:12:34,2021-03-15 08:12:34,39.1502,-123.2078,42.8,70,75,9.22
499,Haileybury,CA,2021-03-15 08:12:34,2021-03-15 08:12:34,47.449,-79.6373,3.2,60,1,8.05
500,Alta Floresta,BR,2021-03-15 08:12:35,2021-03-15 08:12:35,-9.8756,-56.0861,69.08,98,46,2.01
501,Rawson,AR,2021-03-15 08:12:35,2021-03-15 08:12:35,-43.3002,-65.1023,62.24,80,6,22.57
502,Hovd,MN,2021-03-15 08:12:35,2021-03-15 08:12:35,48.0056,91.6419,26.47,22,100,5.7
503,Sakakah,SA,2021-03-15 08:12:35,2021-03-15 08:12:35,29.9697,40.2064,68.0,22,8,3.44
504,Vila Velha,BR,2021-03-15 08:12:35,2021-03-15 08:12:35,-20.3297,-40.2925,73.4,88,0,4.61
505,Asau,RO,2021-03-15 08:12:35,2021-03-15 08:12:35,46.4333,26.4,45.0,81,75,9.22
506,Hudson Bay,CA,2021-03-15 08:12:36,2021-03-15 08:12:36,52.85,-102.3842,33.71,64,100,10.98
507,Nouadhibou,MR,2021-03-15 08:12:36,2021-03-15 08:12:36,20.931,-17.0347,62.6,67,0,14.97
508,Molteno,ZA,2021-03-15 08:12:36,2021-03-15 08:12:36,-31.3968,26.3625,72.77,40,90,18.88
509,Inhambane,MZ,2021-03-15 08:12:36,2021-03-15 08:12:36,-23.865,35.3833,84.2,74,40,9.22
510,Tongchuan,CN,2021-03-15 08:12:36,2021-03-15 08:12:36,35.0806,109.0897,70.5,24,0,8.14
511,Gamba,GA,2021-03-15 08:12:36,2021-03-15 08:12:36,-2.65,10.0,75.09,93,100,7.02
512,Ferrandina,IT,2021-03-15 08:12:36,2021-03-15 08:12:36,40.5012,16.4547,48.99,76,40,23.02
513,Igarka,RU,2021-03-15 08:12:36,2021-03-15 08:12:36,67.4667,86.5833,-5.96,78,90,2.95
514,Racari,RO,2021-03-15 08:12:36,2021-03-15 08:12:36,44.6333,25.7333,51.01,93,75,13.8
515,Cap-Aux-Meules,CA,2021-03-15 08:12:36,2021-03-15 08:12:36,47.3821,-61.8597,15.8,86,100,25.32
516,Santa Clarita,US,2021-03-15 08:12:37,2021-03-15 08:12:37,34.3917,-118.5426,48.99,84,74,2.86
517,Goundam,ML,2021-03-15 08:12:37,2021-03-15 08:12:37,16.4145,-3.6708,76.8,26,0,10.38
518,Palia Kalan,IN,2021-03-15 08:12:37,2021-03-15 08:12:37,28.45,80.5833,97.25,8,0,12.41
519,Magadan,RU,2021-03-15 08:12:37,2021-03-15 08:12:37,59.5667,150.8,11.14,88,99,4.81
520,Bengkulu,ID,2021-03-15 08:12:37,2021-03-15 08:12:37,-3.8004,102.2655,85.06,65,49,6.11
521,Waitati,NZ,2021-03-15 08:12:37,2021-03-15 08:12:37,-45.75,170.5667,57.0,86,99,8.99
522,Mogok,MM,2021-03-15 08:12:37,2021-03-15 08:12:37,22.9167,96.5,87.26,16,0,5.08
523,Evensk,RU,2021-03-15 08:12:37,2021-03-15 08:12:37,61.95,159.2333,-6.61,79,0,3.02
524,Kedrovyy,RU,2021-03-15 08:12:37,2021-03-15 08:12:37,56.1667,91.8167,21.2,53,0,6.71
525,Port Hardy,CA,2021-03-15 08:12:39,2021-03-15 08:12:39,50.6996,-127.4199,39.2,86,20,5.75
526,Onega,RU,2021-03-15 08:12:39,2021-03-15 08:12:39,63.9061,38.1404,30.04,94,100,7.14
527,Conde,BR,2021-03-15 08:12:39,2021-03-15 08:12:39,-7.2597,-34.9075,75.2,100,75,6.91
528,Diffa,NE,2021-03-15 08:12:39,2021-03-15 08:12:39,13.3154,12.6113,90.81,9,32,7.87
529,Lasa,IT,2021-03-15 08:12:39,2021-03-15 08:12:39,46.6166,10.7002,42.01,100,90,4.61
530,Grand Gaube,MU,2021-03-15 08:12:39,2021-03-15 08:12:39,-20.0064,57.6608,82.0,83,71,8.99
531,La Ronge,CA,2021-03-15 08:12:39,2021-03-15 08:12:39,55.1001,-105.2842,41.0,52,0,13.8
532,Mogadishu,SO,2021-03-15 08:12:39,2021-03-15 08:12:39,2.0371,45.3438,84.2,65,75,11.5
533,Baruun-Urt,MN,2021-03-15 08:12:39,2021-03-15 08:12:39,46.6806,113.2792,29.52,13,0,18.59
534,Penzance,GB,2021-03-15 08:12:39,2021-03-15 08:12:39,50.1186,-5.5371,48.99,93,20,14.97
535,Spassk-Ryazanskiy,RU,2021-03-15 08:12:39,2021-03-15 08:12:39,54.4072,40.3806,32.63,96,99,17.31
536,Vostok,RU,2021-03-15 08:12:40,2021-03-15 08:12:40,46.4856,135.8833,41.23,81,15,3.15
537,Kumsi,IN,2021-03-15 08:12:08,2021-03-15 08:12:08,14.0667,75.4,95.34,13,0,9.24
538,Togur,RU,2021-03-15 08:12:40,2021-03-15 08:12:40,58.3631,82.8265,18.39,89,100,8.97
539,Nemuro,JP,2021-03-15 08:12:40,2021-03-15 08:12:40,43.3236,145.575,42.8,65,75,11.5
540,Skegness,GB,2021-03-15 08:12:41,2021-03-15 08:12:41,53.1436,0.3363,44.01,93,40,8.05
541,Oktyabrskoye,RU,2021-03-15 08:12:41,2021-03-15 08:12:41,43.0645,44.7417,28.4,100,90,4.47
542,Wuwei,CN,2021-03-15 08:12:41,2021-03-15 08:12:41,37.9281,102.6414,55.76,20,97,8.57
543,Acapulco,MX,2021-03-15 08:12:41,2021-03-15 08:12:41,16.8634,-99.8901,72.16,82,0,4.5
544,Severo-Kurilsk,RU,2021-03-15 08:12:41,2021-03-15 08:12:41,50.6789,156.125,36.1,93,70,11.01
545,George Town,MY,2021-03-15 08:12:41,2021-03-15 08:12:41,5.4112,100.3354,91.4,58,20,9.22
546,Diapaga,BF,2021-03-15 08:12:42,2021-03-15 08:12:42,12.0708,1.7889,86.25,22,53,5.03
547,Palmer,US,2021-03-15 08:12:42,2021-03-15 08:12:42,42.1584,-72.3287,19.4,35,1,21.85
548,Emden,DE,2021-03-15 08:12:42,2021-03-15 08:12:42,53.3667,7.2167,43.0,92,100,8.01
549,Jhargram,IN,2021-03-15 08:12:43,2021-03-15 08:12:43,22.45,86.9833,99.81,12,0,1.92
550,Vorobyevka,RU,2021-03-15 08:12:43,2021-03-15 08:12:43,50.6451,40.9245,30.96,89,100,18.05
551,Peniche,PT,2021-03-15 08:12:44,2021-03-15 08:12:44,39.3558,-9.3811,53.01,92,99,1.99
552,Yhu,PY,2021-03-15 08:12:44,2021-03-15 08:12:44,-25.05,-55.9167,68.32,64,19,2.77
553,Visnes,NO,2021-03-15 08:12:44,2021-03-15 08:12:44,59.3556,5.2242,39.2,87,0,11.5
554,Llanes,ES,2021-03-15 08:12:44,2021-03-15 08:12:44,43.4198,-4.7549,48.0,98,0,1.99
555,Teguldet,RU,2021-03-15 08:12:44,2021-03-15 08:12:44,57.3064,88.1667,16.45,87,100,8.84
556,Rio Gallegos,AR,2021-03-15 08:12:44,2021-03-15 08:12:44,-51.6226,-69.2181,50.0,87,0,6.91
557,Camana,PE,2021-03-15 08:12:44,2021-03-15 08:12:44,-16.6228,-72.7111,70.74,87,88,7.31
558,Asyut,EG,2021-03-15 08:12:44,2021-03-15 08:12:44,27.181,31.1837,64.4,63,0,10.36
559,Helmsdale,GB,2021-03-15 08:12:45,2021-03-15 08:12:45,58.1168,-3.6517,42.8,75,75,13.8
560,Kargasok,RU,2021-03-15 08:12:45,2021-03-15 08:12:45,59.0556,80.8572,19.65,90,100,9.93
561,Billings,US,2021-03-15 08:12:45,2021-03-15 08:12:45,45.7833,-108.5007,35.01,80,20,4.61
562,Wanlaweyn,SO,2021-03-15 08:12:45,2021-03-15 08:12:45,2.6185,44.8938,90.75,43,80,12.35
563,Lexington,US,2021-03-15 08:12:45,2021-03-15 08:12:45,37.9887,-84.4777,46.0,42,90,18.41
564,Yukamenskoye,RU,2021-03-15 08:12:45,2021-03-15 08:12:45,57.8865,52.2416,26.53,92,100,13.62
565,Xai-Xai,MZ,2021-03-15 08:12:45,2021-03-15 08:12:45,-25.0519,33.6442,80.11,65,79,9.31
566,Batemans Bay,AU,2021-03-15 08:12:45,2021-03-15 08:12:45,-35.7167,150.1833,64.99,60,0,3.04
567,Sydney,AU,2021-03-15 08:09:13,2021-03-15 08:09:13,-33.8679,151.2073,69.01,64,20,12.66
568,Padang,ID,2021-03-15 08:12:45,2021-03-15 08:12:45,-0.9492,100.3543,86.0,70,20,5.75
569,Lapeer,US,2021-03-15 08:12:45,2021-03-15 08:12:45,43.0514,-83.3188,23.0,93,1,5.3
570,Solnechnyy,RU,2021-03-15 08:12:46,2021-03-15 08:12:46,50.7214,136.6319,36.12,68,36,8.23
